"filename", "language", "Python", "pip requirements", "Markdown", "comment", "blank", "total"
"e:\LLM_App\æœŸæœ«é¡¹ç›®\README.md", "Markdown", 0, 0, 77, 0, 28, 105
"e:\LLM_App\æœŸæœ«é¡¹ç›®\README_EN.md", "Markdown", 0, 0, 77, 0, 26, 103
"e:\LLM_App\æœŸæœ«é¡¹ç›®\pages\1_ğŸ¤“_åŸæ–‡æå–.py", "Python", 31, 0, 0, 1, 7, 39
"e:\LLM_App\æœŸæœ«é¡¹ç›®\pages\2_ğŸ˜¶â€ğŸŒ«ï¸_è®ºæ–‡æ€»ç»“.py", "Python", 42, 0, 0, 2, 14, 58
"e:\LLM_App\æœŸæœ«é¡¹ç›®\pages\4_ğŸ¤–_è®ºæ–‡é—®ç­”.py", "Python", 167, 0, 0, 12, 38, 217
"e:\LLM_App\æœŸæœ«é¡¹ç›®\pages\5_âœ’ï¸_æ–‡æ®µæ”¹å†™.py", "Python", 144, 0, 0, 10, 29, 183
"e:\LLM_App\æœŸæœ«é¡¹ç›®\pages\6_ğŸ¤¯_æ€ç»´å¯¼å›¾.py", "Python", 110, 0, 0, 4, 13, 127
"e:\LLM_App\æœŸæœ«é¡¹ç›®\requirements.txt", "pip requirements", 0, 9, 0, 0, 0, 9
"e:\LLM_App\æœŸæœ«é¡¹ç›®\utils.py", "Python", 512, 0, 0, 35, 99, 646
"e:\LLM_App\æœŸæœ«é¡¹ç›®\æ–‡ä»¶ä¸­å¿ƒ.py", "Python", 167, 0, 0, 23, 23, 213
"Total", "-", 1173, 9, 154, 87, 277, 1700